{"cameraMode":{"drawMode":0,"name":"Shaded","section":"Shading Mode"},"sceneLighting":false,"audioPlay":false,"sceneViewState":{"m_AlwaysRefresh":false,"showFog":true,"showSkybox":false,"showFlares":true,"showImageEffects":true,"showParticleSystems":true,"showVisualEffectGraphs":true,"m_FxEnabled":true},"in2DMode":false,"pivot":{"x":1.7079509496688843,"y":0.07608039677143097,"z":-0.4891751706600189},"rotation":{"x":0.35713082551956179,"y":-0.6044304370880127,"z":0.34716710448265078,"w":0.6216736435890198},"size":0.5056249499320984,"orthographic":false}