{"cameraMode":{"drawMode":0,"name":"Shaded","section":"Shading Mode"},"sceneLighting":false,"audioPlay":false,"sceneViewState":{"m_AlwaysRefresh":false,"showFog":true,"showSkybox":false,"showFlares":true,"showImageEffects":true,"showParticleSystems":true,"showVisualEffectGraphs":true,"m_FxEnabled":true},"in2DMode":false,"pivot":{"x":0.19179169833660127,"y":-1.9891146421432496,"z":0.3972318470478058},"rotation":{"x":0.4145762324333191,"y":-0.36001697182655337,"z":0.1831141859292984,"w":0.8153917193412781},"size":2.258303642272949,"orthographic":false}