{"cameraMode":{"drawMode":0,"name":"Shaded","section":"Shading Mode"},"sceneLighting":true,"audioPlay":false,"sceneViewState":{"m_AlwaysRefresh":false,"showFog":true,"showSkybox":true,"showFlares":true,"showImageEffects":true,"showParticleSystems":true,"showVisualEffectGraphs":true,"m_FxEnabled":true},"in2DMode":false,"pivot":{"x":-0.38842394948005679,"y":-0.15538907051086427,"z":3.3876943588256838},"rotation":{"x":0.24287737905979157,"y":-0.01773824542760849,"z":0.0045480127446353439,"w":0.9697882533073425},"size":5.0586628913879398,"orthographic":false}