{"cameraMode":{"drawMode":0,"name":"Shaded","section":"Shading Mode"},"sceneLighting":true,"audioPlay":false,"sceneViewState":{"m_AlwaysRefresh":false,"showFog":true,"showSkybox":true,"showFlares":true,"showImageEffects":true,"showParticleSystems":true,"showVisualEffectGraphs":true,"m_FxEnabled":true},"in2DMode":false,"pivot":{"x":0.3737426996231079,"y":11.012943267822266,"z":-11.882150650024414},"rotation":{"x":0.37113094329833987,"y":-0.005792294163256884,"z":0.003790871240198612,"w":0.9281438589096069},"size":0.7584401369094849,"orthographic":false}