{"cameraMode":{"drawMode":0,"name":"Shaded","section":"Shading Mode"},"sceneLighting":true,"audioPlay":false,"sceneViewState":{"m_AlwaysRefresh":false,"showFog":true,"showSkybox":true,"showFlares":true,"showImageEffects":true,"showParticleSystems":true,"showVisualEffectGraphs":true,"m_FxEnabled":true},"in2DMode":false,"pivot":{"x":-1.1560721397399903,"y":-1.2035410404205323,"z":0.1465698480606079},"rotation":{"x":0.33192965388298037,"y":-0.0017011418240144849,"z":0.0006209314451552928,"w":0.9431594014167786},"size":3.557629108428955,"orthographic":false}