{"cameraMode":{"drawMode":0,"name":"Shaded","section":"Shading Mode"},"sceneLighting":false,"audioPlay":false,"sceneViewState":{"m_AlwaysRefresh":false,"showFog":true,"showSkybox":false,"showFlares":true,"showImageEffects":true,"showParticleSystems":true,"showVisualEffectGraphs":true,"m_FxEnabled":true},"in2DMode":false,"pivot":{"x":1.0891634225845338,"y":0.6513619422912598,"z":-0.002037942409515381},"rotation":{"x":0.14903292059898377,"y":-0.29640668630599978,"z":0.046923719346523288,"w":0.942127525806427},"size":0.5056249499320984,"orthographic":false}