{"cameraMode":{"drawMode":0,"name":"Shaded","section":"Shading Mode"},"sceneLighting":false,"audioPlay":false,"sceneViewState":{"m_AlwaysRefresh":false,"showFog":true,"showSkybox":false,"showFlares":true,"showImageEffects":true,"showParticleSystems":true,"showVisualEffectGraphs":true,"m_FxEnabled":true},"in2DMode":false,"pivot":{"x":1.3262176513671876,"y":0.05068126693367958,"z":-1.406192660331726},"rotation":{"x":0.2855636179447174,"y":-0.11778330057859421,"z":0.035422492772340778,"w":0.9503674507141113},"size":0.5056249499320984,"orthographic":false}