{"cameraMode":{"drawMode":0,"name":"Shaded","section":"Shading Mode"},"sceneLighting":false,"audioPlay":false,"sceneViewState":{"m_AlwaysRefresh":false,"showFog":true,"showSkybox":false,"showFlares":true,"showImageEffects":true,"showParticleSystems":true,"showVisualEffectGraphs":true,"m_FxEnabled":true},"in2DMode":false,"pivot":{"x":-5.074029922485352,"y":-0.9848002195358276,"z":2.812772512435913},"rotation":{"x":0.431525319814682,"y":-0.005556587595492601,"z":0.0040984731167554859,"w":0.9016237258911133},"size":1.6462390422821046,"orthographic":false}