{"cameraMode":{"drawMode":0,"name":"Shaded","section":"Shading Mode"},"sceneLighting":false,"audioPlay":false,"sceneViewState":{"m_AlwaysRefresh":false,"showFog":true,"showSkybox":false,"showFlares":true,"showImageEffects":true,"showParticleSystems":true,"showVisualEffectGraphs":true,"m_FxEnabled":true},"in2DMode":false,"pivot":{"x":2.042421579360962,"y":1.7010748386383057,"z":-3.8254363536834719},"rotation":{"x":0.2689087986946106,"y":-0.015539226122200489,"z":0.005636387038975954,"w":0.9627264142036438},"size":1.4840822219848633,"orthographic":false}