{"cameraMode":{"drawMode":0,"name":"Shaded","section":"Shading Mode"},"sceneLighting":false,"audioPlay":false,"sceneViewState":{"m_AlwaysRefresh":false,"showFog":true,"showSkybox":false,"showFlares":true,"showImageEffects":true,"showParticleSystems":true,"showVisualEffectGraphs":true,"m_FxEnabled":true},"in2DMode":false,"pivot":{"x":1.3763110637664796,"y":-1.4340771436691285,"z":-0.7422430515289307},"rotation":{"x":0.48506981134414675,"y":-0.2145770639181137,"z":0.12411961704492569,"w":0.8386157155036926},"size":1.4483009576797486,"orthographic":false}