{"cameraMode":{"drawMode":0,"name":"Shaded","section":"Shading Mode"},"sceneLighting":false,"audioPlay":false,"sceneViewState":{"m_AlwaysRefresh":false,"showFog":true,"showSkybox":false,"showFlares":true,"showImageEffects":true,"showParticleSystems":true,"showVisualEffectGraphs":true,"m_FxEnabled":true},"in2DMode":false,"pivot":{"x":1.9703457355499268,"y":1.104058861732483,"z":-1.3431226015090943},"rotation":{"x":0.4499063193798065,"y":-0.08312574028968811,"z":0.042080335319042209,"w":0.8881177306175232},"size":0.5056249499320984,"orthographic":false}