{"cameraMode":{"drawMode":0,"name":"Shaded","section":"Shading Mode"},"sceneLighting":false,"audioPlay":false,"sceneViewState":{"m_AlwaysRefresh":false,"showFog":true,"showSkybox":false,"showFlares":true,"showImageEffects":true,"showParticleSystems":true,"showVisualEffectGraphs":true,"m_FxEnabled":true},"in2DMode":false,"pivot":{"x":1.5403797626495362,"y":0.8384683728218079,"z":-1.769385576248169},"rotation":{"x":0.1943160742521286,"y":-0.056184157729148868,"z":0.011148802936077118,"w":0.9792025685310364},"size":0.5056249499320984,"orthographic":false}